date,inquiryText
2024-07-10,"送料はいくらから無料になりますか？"
2024-07-12,"大量注文の場合の割引について知りたいです。100枚以上だと安くなりますか？"
2024-07-15,"デザインデータの入稿方法がわかりません。Illustratorのaiファイルで大丈夫ですか？"
2024-07-18,"領収書は発行できますか？"
2024-07-20,"送料はいくらですか？沖縄県への配送です。"
2024-07-22,"注文してからどのくらいで届きますか？"
2024-07-25,"持ち込みのTシャツにプリントしてもらうことは可能ですか？"
2024-07-28,"デザインデータの作り方がわからないのですが、サポートしてもらえますか？"
