{
  "printing-info": {
    "meta_title": "プリントについて | 捺染兄弟",
    "meta_description": "シルクスクリーンプリントの料金体系や対応箇所、特殊インクについて詳しく解説します。",
    "blocks": [
      {
        "id": "b001",
        "type": "h1",
        "content": "プリントについて"
      },
      {
        "id": "b002",
        "type": "p",
        "content": "高品質なシルクスクリーンプリントで、お客様のデザインを形にします。"
      },
      {
        "id": "b003",
        "type": "custom-component",
        "component": "InfoSection",
        "props": {
          "icon": "fa-coins",
          "title": "プリント料金の仕組み",
          "children": [
            { "id": "b003-1", "type": "p", "content": "プリント料金は、大きく分けて「版代」と「プリント代」の2つの要素で構成されます。これはTシャツ本体の価格とは別に必要となる料金です。" },
            { "id": "b003-2", "type": "h3", "content": "1. 版代 (初期費用)"},
            { "id": "b003-3", "type": "p", "content": "シルクスクリーンプリントで使用する「版（スクリーン）」を作成するための費用です。デザインの色数ごとに1版ずつ必要となり、プリントサイズによって価格が異なります。一度作成すれば、再注文時には不要です。" },
            { "id": "b003-4", "type": "dynamic-table", "data_key": "plateCosts" },
            { "id": "b003-5", "type": "h3", "content": "2. プリント代 (1枚あたり)"},
            { "id": "b003-6", "type": "p", "content": "Tシャツ1枚あたりにかかるプリント作業の料金です。この料金はご注文の合計枚数とデザインの色数によって決まり、<strong>枚数が多いほど1枚あたりの単価は安くなります。</strong>お見積もりページでは、枚数を変更するとリアルタイムで単価が変動するのをご確認いただけます。" },
            { "id": "b003-7", "type": "p", "content": "その他、特殊なインクの使用や、裏起毛素材へのプリントなど、特定の条件で追加料金が発生する場合があります。" }
          ]
        }
      },
      {
        "id": "b004",
        "type": "custom-component",
        "component": "InfoSection",
        "props": {
            "icon": "fa-map-marker-alt",
            "title": "対応プリント箇所",
            "children": [
                { "id": "b004-1", "type": "p", "content": "Tシャツの様々な位置にプリントが可能です。代表的なプリント箇所は以下の通りです。お見積もりページでは、全ての選択肢からお選びいただけます。" },
                { "id": "b004-2", "type": "dynamic-table", "data_key": "printLocations" }
            ]
        }
      },
      {
        "id": "b005",
        "type": "custom-component",
        "component": "InfoSection",
        "props": {
            "icon": "fa-tint",
            "title": "特殊インクについて",
            "children": [
                { "id": "b005-1", "type": "p", "content": "通常のインクに加えて、デザインを際立たせる特殊インクもご利用いただけます。特殊インクを使用する場合、1枚あたりのプリント代に追加料金がかかります。" },
                { "id": "b005-2", "type": "custom-component", "component": "SpecialInkCard", "props": { "name": "シルバー", "description": "キラキラと輝く、高級感のあるメタリックなインクです。", "cost": 50 } },
                { "id": "b005-3", "type": "custom-component", "component": "SpecialInkCard", "props": { "name": "ゴールド", "description": "キラキラと輝く、高級感のあるメタリックなインクです。", "cost": 50 } },
                { "id": "b005-4", "type": "custom-component", "component": "SpecialInkCard", "props": { "name": "発泡", "description": "プリント部分が立体的に膨らむ、ユニークな質感のインクです。", "cost": 200 } },
                { "id": "b005-5", "type": "custom-component", "component": "SpecialInkCard", "props": { "name": "蓄光", "description": "暗闇で光る特殊なインク。イベントTシャツなどに最適です。", "cost": 300 } }
            ]
        }
      },
      {
        "id": "b006",
        "type": "custom-component",
        "component": "InfoSection",
        "props": {
            "icon": "fa-file-import",
            "title": "デザインデータの入稿",
            "children": [
                { "id": "b006-1", "type": "p", "content": "お客様が作成したデザインデータをご提出いただくことで、プリント作業を進めます。より美しい仕上がりのため、できるだけ高解像度のデータをご用意ください。" },
                { "id": "b006-2", "type": "ul", "items": [
                    "<strong>対応ファイル形式:</strong> Adobe Illustrator (.ai), Photoshop (.psd), PDF (.pdf), PNG, JPEG",
                    "<strong>入稿方法:</strong> データ便などのファイル転送サービスを利用してご提出ください。"
                ]},
                { "id": "b006-3", "type": "p", "content": "詳しい入稿手順は、「ご利用ガイド」ページでもご確認いただけます。" }
            ]
        }
      }
    ]
  },
  "how-to-use": {
    "meta_title": "ご利用ガイド | 捺染兄弟",
    "meta_description": "オリジナルTシャツのお見積もりからご注文までの流れを6つのステップで分かりやすく解説します。",
    "blocks": [
      {
        "id": "h001",
        "type": "h1",
        "content": "ご利用ガイド"
      },
      {
        "id": "h002",
        "type": "p",
        "content": "オリジナルTシャツのお見積もり・ご注文は簡単6ステップ！"
      },
      {
        "id": "h003",
        "type": "custom-component",
        "component": "StepCard",
        "props": { "icon": "fa-tshirt", "step": 1, "title": "Tシャツを選ぶ", "content": "まずはベースとなるTシャツやアイテムを選びます。「Tシャツを追加する」ボタンから、豊富なラインナップの中からお好きな商品を検索し、色・サイズ・枚数を入力してリストに追加してください。複数の商品を組み合わせることも可能です。" }
      },
      {
        "id": "h004",
        "type": "custom-component",
        "component": "StepCard",
        "props": { "icon": "fa-palette", "step": 2, "title": "プリントデザインを登録", "content": "次に、プリントしたいデザインの詳細を登録します。「デザインを追加する」ボタンから、プリントしたい箇所（正面、背面、袖など）、プリントサイズ、使用する色数を入力してください。金・銀などの特殊インクもここで指定できます。" }
      },
      {
        "id": "h005",
        "type": "custom-component",
        "component": "StepCard",
        "props": { "icon": "fa-user-edit", "step": 3, "title": "お客様情報を入力", "content": "送料の計算や、正式な見積書の発行のためにお客様の情報を入力します。お名前、ご連絡先、そして商品の納品先となるご住所をご記入ください。メールアドレスを入力すると、作成中の見積もりが自動で保存され、後からいつでも作業を再開できます。" }
      },
      {
        "id": "h006",
        "type": "custom-component",
        "component": "StepCard",
        "props": { "icon": "fa-upload", "step": 4, "title": "デザインデータを入稿", "content": "プリントに使用するデザインデータをご入稿いただきます。お見積もりページからデータ転送サービスを利用して、安全かつ簡単に入稿できます。入稿後、担当者がデータを確認いたします。" }
      },
      {
        "id": "h007",
        "type": "custom-component",
        "component": "StepCard",
        "props": { "icon": "fa-file-pdf", "step": 5, "title": "見積書を発行", "content": "すべての情報が入力されると、リアルタイムで計算されたお見積もり金額が確定します。内容を確認し、「印刷プレビュー」や「メールで送信」機能を使って、見積書を保存・共有できます。" }
      },
      {
        "id": "h008",
        "type": "custom-component",
        "component": "StepCard",
        "props": { "icon": "fa-shopping-cart", "step": 6, "title": "注文依頼をする", "content": "お見積もり内容に問題がなければ、「注文依頼をする」ボタンを押して、正式に注文依頼を送信します。担当者が見積内容とデザインデータを確認後、折り返しご連絡いたします。" }
      }
    ]
  },
  "privacy-policy": {
    "meta_title": "プライバシーポリシー | 捺染兄弟",
    "meta_description": "捺染兄弟の個人情報保護方針について記載しています。",
    "blocks": [
      { "id": "p001", "type": "h1", "content": "プライバシーポリシー" },
      { "id": "p002", "type": "p", "content": "最終更新日: 2024年7月30日" },
      { "id": "p003", "type": "p", "content": "捺染兄弟（以下、「当社」といいます。）は、本ウェブサイト上で提供するサービス（以下、「本サービス」といいます。）における、ユーザーの個人情報の取扱いについて、以下のとおりプライバシーポリシー（以下、「本ポリシー」といいます。）を定めます。" },
      { "id": "p004", "type": "h2", "content": "第1条（収集する個人情報）" },
      { "id": "p005", "type": "p", "content": "当社は、本サービスの提供にあたり、以下の個人情報を収集することがあります。" },
      { "id": "p006", "type": "ul", "items": [ "氏名、メールアドレス、電話番号、住所など、お客様から直接ご提供いただく情報", "見積もり作成時にお客様が入力された商品リスト、デザインに関する情報", "お客様が見積もり作成のためにご入稿されたデザインデータ" ] },
      { "id": "p007", "type": "h2", "content": "第2条（個人情報の利用目的）" },
      { "id": "p008", "type": "p", "content": "当社が個人情報を収集・利用する目的は、以下のとおりです。" },
      { "id": "p009", "type": "ul", "items": [ "お客様が見積もり内容を後から確認できるよう、見積もりの保存および復元機能を提供するため", "お客様からのお問い合わせに対応するため（本人確認を行うことを含む）", "ご注文いただいた商品の発送、代金決済、アフターサービスなど、取引を円滑に遂行するため", "上記の利用目的に付随する目的" ] },
      { "id": "p010", "type": "h2", "content": "第3条（個人情報の管理）" },
      { "id": "p011", "type": "p", "content": "当社は、お客様の個人情報を正確かつ最新の状態に保ち、個人情報への不正アクセス・紛失・破損・改ざん・漏洩などを防止するため、セキュリティシステムの維持・管理体制の整備等の必要な措置を講じ、安全対策を実施し個人情報の厳重な管理を行います。" },
      { "id": "p012", "type": "h2", "content": "第4条（個人情報の第三者提供）" },
      { "id": "p013", "type": "p", "content": "当社は、お客様ご本人の同意なく、個人情報を第三者に提供いたしません。ただし、法令に基づく場合など、正当な理由がある場合を除きます。" },
      { "id": "p014", "type": "h2", "content": "第5条（個人情報の保持期間）" },
      { "id": "p015", "type": "p", "content": "当社は、お客様の個人情報を以下の通り目的別に適切な期間保持し、期間経過後は速やかに削除いたします。" },
      { "id": "p016", "type": "ul", "items": [ "<strong>ご注文いただいたお客様の情報</strong><br />ご注文いただいたお客様の個人情報、ご注文内容、およびデザインデータは、商法等の関連法令に基づく保管義務、ならびに追加注文時の利便性向上のため、最終のご注文日から原則として5年間保持いたします。保持期間経過後は、適切に削除いたします。", "<strong>お見積もりのみでご注文に至らなかったお客様の情報</strong><br />お見積もりのご依頼のみでご注文に至らなかったお客様の個人情報およびご入稿いただいたデザインデータは、お客様のプライバシー保護を考慮し、お見積もり発行日から3ヶ月が経過した時点で適切に削除いたします。" ] },
      { "id": "p017", "type": "h2", "content": "第6条（ユーザーの権利）" },
      { "id": "p018", "type": "p", "content": "お客様は、当社が保有するご自身の個人情報について、開示、訂正、追加、削除、利用停止を求めることができます。ご希望される場合は、下記のお問い合わせ先までご連絡ください。ご本人様であることを確認の上、速やかに対応いたします。" },
      { "id": "p019", "type": "h2", "content": "第7条（お問い合わせ窓口）" },
      { "id": "p020", "type": "p", "content": "本ポリシーに関するお問い合わせは、下記の窓口までお願いいたします。" },
      { "id": "p021", "type": "p", "content": "捺染兄弟<br/>メールアドレス: support@example.com<br/>（お電話でのお問い合わせは現在受け付けておりません）" },
      { "id": "p022", "type": "h2", "content": "第8条（プライバシーポリシーの変更）" },
      { "id": "p023", "type": "p", "content": "本ポリシーの内容は、ユーザーに通知することなく、変更することができるものとします。変更後のプライバシーポリシーは、本ウェブサイトに掲載したときから効力を生じるものとします。" }
    ]
  }
}