productId,productName,rating,reviewText
united-athle-500101,5.6オンス ハイクオリティーTシャツ,5,"生地がしっかりしていて最高です。何度もリピートしています。"
united-athle-500101,5.6オンス ハイクオリティーTシャツ,4,"黒の色味が少し薄い気がしましたが、着心地は良いです。満足です。"
print-star-00085,5.6oz ヘビーウェイトTシャツ,5,"コスパ最強。イベントで大量に使うのに助かりました。品質も問題なし。"
united-athle-521301,10.0オンス スウェット プルオーバー パーカ,3,"思ったよりサイズが小さめでした。ワンサイズ上がおすすめです。デザインは気に入っています。"
united-athle-425201,4.1オンス ドライアスレチック Tシャツ,5,"夏場のスポーツ用に購入。速乾性が高く、とても快適です。"
united-athle-500101,5.6オンス ハイクオリティーTシャツ,2,"洗濯したら首元がヨレてしまいました。残念です。"
print-star-00085,5.6oz ヘビーウェイトTシャツ,4,"値段を考えれば十分な品質。また利用したいです。"
