region,cost,prefectures
HOKKAIDO,1500,"北海道"
TOHOKU,1300,"青森県,岩手県,宮城県,秋田県,山形県,福島県"
KANTO,1000,"茨城県,栃木県,群馬県,埼玉県,千葉県,東京都,神奈川県"
CHUBU,1000,"新潟県,富山県,石川県,福井県,山梨県,長野県,岐阜県,静岡県,愛知県"
KANSAI,1000,"三重県,滋賀県,京都府,大阪府,兵庫県,奈良県,和歌山県"
CHUGOKU,1300,"鳥取県,島根県,岡山県,広島県,山口県"
SHIKOKU,1300,"徳島県,香川県,愛媛県,高知県"
KYUSHU,1300,"福岡県,佐賀県,長崎県,熊本県,大分県,宮崎県,鹿児島県"
OKINAWA,2000,"沖縄県"
DEFAULT,1000,""
